{
  "version": 1,
  "author": "Pranay V",
  "editor": "wokwi",
  "parts": [
    { "type": "board-esp32-devkit-c-v4", "id": "esp", "top": 0, "left": -33.56, "attrs": {} },
    { "type": "board-ds18b20", "id": "temp1", "top": 27.67, "left": 138.48, "attrs": {} },
    { "type": "wokwi-dht22", "id": "dht1", "top": 0.3, "left": -139.8, "attrs": {} },
    {
      "type": "wokwi-resistor",
      "id": "r1",
      "top": 176.75,
      "left": -105.6,
      "attrs": { "value": "10000" }
    },
    { "type": "wokwi-hc-sr04", "id": "ultrasonic1", "top": -200.1, "left": -61.7, "attrs": {} },
    { "type": "wokwi-servo", "id": "servo1", "top": -194, "left": 172.8, "attrs": {} },
    {
      "type": "board-ssd1306",
      "id": "oled1",
      "top": 12.74,
      "left": 269.03,
      "attrs": { "i2cAddress": "0x3c" }
    }
  ],
  "connections": [
    [ "esp:TX", "$serialMonitor:RX", "", [] ],
    [ "esp:RX", "$serialMonitor:TX", "", [] ],
    [ "temp1:GND", "esp:GND.2", "black", [ "v0", "h-28.8", "v-48" ] ],
    [ "temp1:DQ", "esp:4", "green", [ "v0" ] ],
    [ "temp1:VCC", "esp:3V3", "red", [ "v9.6", "h19.2", "v-134.4", "h-240", "v76.8" ] ],
    [ "dht1:VCC", "esp:3V3", "red", [ "v9.6", "h-28.8", "v-134.4", "h86.4", "v38.4" ] ],
    [ "dht1:GND", "esp:GND.2", "black", [ "v9.6", "h57.6", "v-153.6", "h134.4", "v57.6" ] ],
    [ "dht1:SDA", "r1:1", "green", [ "v0" ] ],
    [ "esp:15", "r1:2", "green", [ "v0", "h28.8", "v76.8", "h-153.6" ] ],
    [ "esp:5V", "ultrasonic1:VCC", "red", [ "h-163.05", "v-288" ] ],
    [ "ultrasonic1:GND", "esp:GND.2", "black", [ "v0", "h85.2", "v134.4" ] ],
    [ "ultrasonic1:TRIG", "esp:14", "green", [ "v9.6", "h-250", "v230.4" ] ],
    [ "esp:27", "ultrasonic1:ECHO", "gold", [ "h-9.45", "v19.2", "h-38.4", "v-230.4", "h105.6" ] ],
    [ "servo1:GND", "esp:GND.2", "black", [ "h-57.6", "v172.8", "h-9.6" ] ],
    [ "servo1:V+", "esp:5V", "green", [ "h-19.2", "v48.1", "h67.2", "v384", "h-249.6" ] ],
    [ "esp:25", "servo1:PWM", "blue", [ "v0", "h-19.05", "v-182.4", "h220.8" ] ],
    [ "oled1:GND", "esp:GND.2", "black", [ "v-28.8", "h-230.4" ] ],
    [
      "oled1:VCC",
      "esp:3V3",
      "red",
      [ "v-57.6", "h48.15", "v-211.2", "h-460.8", "v192", "h67.2" ]
    ],
    [
      "oled1:SDA",
      "esp:21",
      "orange",
      [ "v-28.8", "h76.87", "v153.6", "h0", "v19.2", "h-297.6", "v-57.6" ]
    ],
    [ "esp:22", "oled1:SCL", "yellow", [ "h38.4", "v134.4", "h288", "v-211.2", "h-67.5" ] ]
  ],
  "dependencies": {}
}